game_id,name,rating_ratio,price,genre,tags
570,Dota 2,4.415,0,"Action, Strategy, Free To Play","Free to Play, MOBA, Multiplayer, Strategy, e-sports, Team-Based, Competitive, Action, Online Co-Op, PvP, Difficult, Co-op, RTS, RPG, Tower Defense, Fantasy, Character Customization, Replay Value, Action RPG, Simulation"
730,Counter-Strike: Global Offensive,6.571,0,"Action, Free To Play","FPS, Shooter, Multiplayer, Competitive, Action, Team-Based, e-sports, Tactical, First-Person, PvP, Online Co-Op, Co-op, Strategy, Military, War, Difficult, Trading, Realistic, Fast-Paced, Moddable"
578080,PUBG: BATTLEGROUNDS,1.458,0,"Action, Adventure, Massively Multiplayer, Free To Play","Survival, Shooter, Battle Royale, Multiplayer, FPS, PvP, Third-Person Shooter, Action, Online Co-Op, Tactical, Co-op, First-Person, Strategy, Early Access, Competitive, Third Person, Team-Based, Difficult, Simulation, Stealth"
1623730,Palworld,16.051,2999,"Action, Adventure, Indie, RPG, Early Access","Open World, Survival, Multiplayer, Creature Collector, Open World Survival Craft, Crafting, Co-op, Adventure, Sandbox, Third-Person Shooter, Automation, Action, RPG, Early Access, Anime, PvE, 3D, Indie, Looter Shooter, Hack and Slash"
1172470,Apex Legends,2.045,0,"Action, Adventure, Free To Play","Free to Play, Battle Royale, Multiplayer, FPS, Shooter, First-Person, PvP, Action, Hero Shooter, Team-Based, Tactical, Sci-fi, Survival, Loot, Co-op, Character Customization, Funny, Lore-Rich, Cyberpunk, Cinematic"
1063730,New World: Aeternum,2.188,7999,"Action, Adventure, Massively Multiplayer, RPG","Open World, Massively Multiplayer, MMORPG, RPG, Adventure, Action, PvP, PvE, Multiplayer, Fantasy, Character Customization, Walking Simulator, Crafting, Third Person, Co-op, Open World Survival Craft, Sandbox, Violent, Sexual Content, Singleplayer"
2358720,Black Myth: Wukong,29.039,5999,"Action, Adventure, RPG","Mythology, Action RPG, Action, Souls-like, RPG, Combat, Story Rich, Singleplayer, Action-Adventure, Drama, Dark Fantasy, Atmospheric, Adventure, 3D, Fantasy, Hack and Slash, Third Person, Difficult, Music, Violent"
1938090,Call of Duty: Modern Warfare II,1.418,4899,Action,"FPS, Multiplayer, Shooter, Singleplayer, Action, Military, First-Person, War, Modern, Tactical, Violent, Co-op, Realistic, Story Rich, Atmospheric, Mature, Online Co-Op, Gore, Third-Person Shooter, Third Person"
271590,Grand Theft Auto V Legacy,6.901,0,"Action, Adventure","Open World, Action, Multiplayer, Crime, Automobile Sim, Third Person, First-Person, Mature, Shooter, Adventure, Singleplayer, Third-Person Shooter, Racing, Co-op, Sandbox, Atmospheric, Funny, Great Soundtrack, Comedy, Moddable"
550,Left 4 Dead 2,39.598,999,Action,"Zombies, Co-op, FPS, Multiplayer, Shooter, Online Co-Op, Action, Survival, Horror, First-Person, Gore, Team-Based, Moddable, Survival Horror, Post-apocalyptic, Singleplayer, Adventure, Local Co-Op, Replay Value, Tactical"
553850,HELLDIVERS 2,3.196,3999,Action,"Online Co-Op, PvE, Third-Person Shooter, Multiplayer, Action, Shooter, Co-op, Sci-fi, Capitalism, Space, Extraction Shooter, Third Person, Comedy, Gore, Violent, Great Soundtrack, Difficult, Psychological Horror, Singleplayer, Open World"
1599340,Lost Ark,2.463,0,"Action, Adventure, Massively Multiplayer, RPG, Free To Play","MMORPG, Free to Play, Action RPG, Multiplayer, Hack and Slash, RPG, Character Customization, Massively Multiplayer, Action, Sexual Content, Adventure, PvE, Fantasy, PvP, Isometric, Online Co-Op, Class-Based, Singleplayer, Violent, Gore"
304930,Unturned,10.407,0,"Action, Adventure, Casual, Indie, Free To Play","Free to Play, Survival, Zombies, Multiplayer, Open World, Co-op, Sandbox, Crafting, Shooter, Adventure, Post-apocalyptic, First-Person, Singleplayer, Looter Shooter, FPS, Action, Massively Multiplayer, Indie, Atmospheric, Casual"
236390,War Thunder,1.751,0,"Action, Massively Multiplayer, Simulation, Free To Play","Free to Play, Simulation, Vehicular Combat, Combat, World War II, Flight, VR, War, Military, Tanks, Multiplayer, Naval Combat, Modern, Massively Multiplayer, Cold War, Realistic, Shooter, Action, Third Person, Third-Person Shooter"
1245620,ELDEN RING,12.998,5999,"Action, RPG","Souls-like, Open World, Dark Fantasy, RPG, Difficult, Action RPG, Third Person, Multiplayer, Fantasy, Singleplayer, Online Co-Op, Action, Co-op, Atmospheric, PvP, Great Soundtrack, Violent, 3D, Character Customization, Family Friendly"
105600,Terraria,38.865,999,"Action, Adventure, Indie, RPG","Open World Survival Craft, Sandbox, Survival, 2D, Multiplayer, Adventure, Pixel Graphics, Crafting, Building, Exploration, Co-op, Open World, Online Co-Op, Indie, Action, RPG, Singleplayer, Replay Value, Platformer, Atmospheric"
440,Team Fortress 2,8.623,0,"Action, Free To Play","Free to Play, Hero Shooter, Multiplayer, FPS, Shooter, Action, Class-Based, Team-Based, Funny, First-Person, Online Co-Op, Competitive, Cartoony, Trading, Co-op, Comedy, Robots, Tactical, Cartoon, Crafting"
291550,Brawlhalla,4.447,0,"Action, Indie, Free To Play","Free to Play, Multiplayer, Fighting, 2D Fighter, 2D Platformer, Casual, Local Multiplayer, Co-op, Platformer, Controller, Action, Online Co-Op, Fantasy, Local Co-Op, 4 Player Local, Family Friendly, Cartoony, e-sports, Singleplayer, Indie"
1086940,Baldur's Gate 3,30.665,5999,"Adventure, RPG, Strategy","RPG, Character Customization, Choices Matter, Story Rich, Turn-Based Combat, Dungeons & Dragons, CRPG, Fantasy, Adventure, Romance, Sexual Content, Online Co-Op, Multiplayer, Strategy, Singleplayer, Co-op Campaign, Class-Based, Nudity, Dark Fantasy, Combat"
4000,Garry's Mod,30.168,999,"Casual, Indie, Simulation","Sandbox, Moddable, Multiplayer, Physics, Building, Casual, Funny, First-Person, Singleplayer, FPS, Simulation, Comedy, Online Co-Op, Shooter, Co-op, Action, Indie, PvP, Realistic, Exploration"
359550,Tom Clancy's Rainbow Six Siege,5.248,1999,Action,"FPS, PvP, e-sports, Multiplayer, Tactical, Shooter, Competitive, Online Co-Op, Action, Hero Shooter, Team-Based, Military, Strategy, First-Person, Co-op, War, Realistic, Destruction, Difficult, 3D"
1085660,Destiny 2,3.925,0,"Action, Adventure, Free To Play","Free to Play, Open World, Multiplayer, Looter Shooter, MMORPG, FPS, Co-op, PvE, PvP, Shooter, Massively Multiplayer, Loot, First-Person, Sci-fi, Action, Adventure, Lore-Rich, Space, Competitive, Atmospheric"
252490,Rust,6.851,3999,"Action, Adventure, Indie, Massively Multiplayer, RPG","Survival, Crafting, Multiplayer, Open World, Open World Survival Craft, Building, PvP, Sandbox, Adventure, First-Person, Action, Nudity, FPS, Shooter, Co-op, Online Co-Op, Indie, Post-apocalyptic, Early Access, Simulation"
346110,ARK: Survival Evolved,5.158,1499,"Action, Adventure, Indie, Massively Multiplayer, RPG","Open World Survival Craft, Survival, Multiplayer, Open World, Dinosaurs, Crafting, Building, Adventure, Base-Building, Co-op, Action, First-Person, Sandbox, Massively Multiplayer, Singleplayer, Early Access, RPG, Dragons, Sci-fi, Indie"
892970,Valheim,16.792,1999,"Action, Adventure, Indie, RPG, Early Access","Open World Survival Craft, Survival, Online Co-Op, Open World, Multiplayer, Building, Crafting, Base-Building, Exploration, Co-op, Adventure, Difficult, Mythology, Sandbox, PvE, Third Person, Singleplayer, Action, Early Access, Indie"
1091500,Cyberpunk 2077,5.293,5999,RPG,"Cyberpunk, Open World, Nudity, RPG, Singleplayer, Sci-fi, FPS, Futuristic, Mature, Story Rich, First-Person, Atmospheric, Exploration, Action, Violent, Great Soundtrack, Action RPG, Adventure, Character Customization, Immersive Sim"
218620,PAYDAY 2,8.637,999,"Action, RPG","Co-op, Action, FPS, Heist, Multiplayer, Looter Shooter, Online Co-Op, Stealth, Crime, Shooter, Team-Based, First-Person, Great Soundtrack, Gun Customization, Tactical, PvE, Strategy, Singleplayer, Funny, Simulation"
901583,Grand Theft Auto IV: Complete Edition,4.671,0,"Action, Adventure","Open World, Action, Automobile Sim, Crime, Multiplayer, Third Person, Adventure, Singleplayer, Third-Person Shooter, Moddable, Sandbox, Shooter, Physics, Atmospheric, Classic, Funny, Dark Humor, Gore, Satire, Co-op"
238960,Path of Exile,8.341,0,"Action, Adventure, Indie, Massively Multiplayer, RPG, Free To Play","Free to Play, Dark Fantasy, Action RPG, Hack and Slash, Loot, MMORPG, Multiplayer, Dungeon Crawler, Isometric, Character Customization, RPG, Inventory Management, Online Co-Op, Singleplayer, Action, PvP, Horror, Massively Multiplayer, Fantasy, Adventure"
242760,The Forest,21.425,1999,"Action, Adventure, Indie, Simulation","Open World Survival Craft, Survival, Open World, Horror, Crafting, Adventure, Building, Survival Horror, First-Person, Action, Exploration, Sandbox, Singleplayer, Atmospheric, Simulation, Gore, Realistic, Indie, Zombies, Early Access"
322330,Don't Starve Together,20.515,1499,"Action, Adventure, Indie, RPG, Simulation, Strategy","Survival, Open World Survival Craft, Multiplayer, Co-op, Open World, Adventure, Crafting, Online Co-Op, Sandbox, Difficult, Indie, 2D, Atmospheric, Funny, Survival Horror, Strategy, Horror, Singleplayer, Action, Rogue-like"
1203220,NARAKA: BLADEPOINT,2.344,0,"Action, Adventure, Massively Multiplayer","Battle Royale, Multiplayer, Martial Arts, PvP, Mature, Action, Female Protagonist, Character Customization, Massively Multiplayer, Survival, Fighting, Third Person, Swordplay, Hack and Slash, Anime, Parkour, Adventure, Free to Play, Violent, Gore"
899770,Last Epoch,3.407,3499,"Action, Adventure, Indie, RPG","Action RPG, Loot, Hack and Slash, RPG, Multiplayer, Isometric, Action, Adventure, Co-op, Top-Down, Dungeon Crawler, Indie, Singleplayer, Fantasy, Gore, MMORPG, Character Customization, Magic, Violent, Early Access"
413150,Stardew Valley,62.919,1499,"Indie, RPG, Simulation","Farming Sim, Pixel Graphics, Multiplayer, Life Sim, RPG, Relaxing, Agriculture, Simulation, Crafting, Sandbox, Indie, Building, Casual, Singleplayer, Open World, 2D, Cute, Dating Sim, Great Soundtrack, Fishing"
340,Half-Life 2: Lost Coast,8.326,1999,Action,"FPS, Action, Singleplayer, First-Person, Sci-fi, Shooter, Short, Aliens, Dystopian , Classic, Adventure, Atmospheric, Benchmark, Futuristic, Silent Protagonist, Free to Play, Post-apocalyptic, Story Rich, Multiplayer, Great Soundtrack"
381210,Dead by Daylight,3.771,799,Action,"Horror, Multiplayer, Survival Horror, Online Co-Op, Co-op, Survival, Gore, Team-Based, Blood, Stealth, Third Person, Violent, First-Person, Psychological Horror, Action, Atmospheric, Strategy, Comedy, Mature, Difficult"
945360,Among Us,11.271,499,Casual,"Multiplayer, Social Deduction, Online Co-Op, Space, Survival, 2D, Funny, Psychological, Party Game, Co-op, Cartoony, Local Multiplayer, Casual, Action, PvP, Sci-fi, Colorful, Top-Down, Minigames, Aliens"
1097150,Fall Guys: Ultimate Knockout,4.347,0,"Action, Casual, Indie, Massively Multiplayer, Sports","Multiplayer, Party Game, Battle Royale, Family Friendly, Massively Multiplayer, Platformer, Cute, Funny, PvP, 3D Platformer, Controller, Casual, Colorful, Action, Online Co-Op, Co-op, Comedy, Physics, Indie, Difficult"
292030,The Witcher 3: Wild Hunt,24.78,3999,RPG,"Open World, RPG, Story Rich, Atmospheric, Mature, Fantasy, Adventure, Singleplayer, Nudity, Choices Matter, Great Soundtrack, Third Person, Medieval, Action, Multiple Endings, Action RPG, Dark Fantasy, Magic, Dark, Sandbox"
227300,Euro Truck Simulator 2,36.9,499,"Indie, Simulation","Driving, Transportation, Simulation, Open World, Automobile Sim, Realistic, Moddable, Relaxing, Exploration, Economy, Immersive Sim, Management, Atmospheric, Multiplayer, Controller, Family Friendly, Third Person, Adventure, Casual, Indie"
444090,Paladins,5.654,0,"Action, Adventure, Massively Multiplayer, Strategy, Free To Play","Hero Shooter, Free to Play, Multiplayer, FPS, Shooter, Action, Team-Based, First-Person, PvP, MOBA, Online Co-Op, Fantasy, Controller, Strategy, Co-op, Character Customization, Massively Multiplayer, Colorful, Adventure, Funny"
552990,World of Warships,3.378,0,"Action, Massively Multiplayer, Simulation, Strategy, Free To Play","Free to Play, Naval Combat, Co-op, Action, Tactical, Online Co-Op, Multiplayer, Massively Multiplayer, World War II, PvP, Naval, War, Simulation, Team-Based, Military, PvE, Shooter, Historical, Realistic, Third-Person Shooter"
438100,VRChat,3.092,0,"Adventure, Casual, Massively Multiplayer, Simulation, Sports, Free To Play, Early Access","VR, Free to Play, Multiplayer, Anime, Memes, Funny, Massively Multiplayer, First-Person, Open World, Early Access, Simulation, Casual, Adventure, MMORPG, Comedy, Sandbox, Dating Sim, Action, Survival Horror, Atmospheric"
320,Half-Life 2: Deathmatch,9.808,1999,Action,"Action, FPS, Multiplayer, Shooter, First-Person, Sci-fi, Physics, Competitive, Funny, Co-op, Old School, PvP, Arena Shooter, Moddable, Atmospheric, Adventure, Great Soundtrack, Singleplayer, Violent, Mod"
272060,Serena,3.353,0,"Adventure, Indie","Horror, Free to Play, Indie, Point & Click, Psychological Horror, Story Rich, Adventure, Dark, Short, First-Person, Mystery, Atmospheric, Multiplayer, Singleplayer, Puzzle, Walking Simulator, Co-op, Hidden Object, Exploration, Romance"
739630,Phasmophobia,23.033,1999,"Action, Indie, Early Access","Horror, Online Co-Op, Multiplayer, Psychological Horror, Co-op, VR, Supernatural, First-Person, Investigation, Dark, Demons, Detective, Mystery, Thriller, 3D, Early Access, Indie, Action, Tactical, Singleplayer"
990080,Hogwarts Legacy,9.321,5999,"Action, Adventure, RPG","Magic, Open World, Fantasy, Singleplayer, Adventure, RPG, Character Customization, Exploration, Story Rich, Third Person, Action-Adventure, Atmospheric, Action RPG, Action, Combat, Choices Matter, Puzzle, Great Soundtrack, Dark, Family Friendly"
620,Portal 2,75.367,999,"Action, Adventure","Platformer, Puzzle, First-Person, Dark Humor, Story Rich, Puzzle-Platformer, Funny, Female Protagonist, 3D Platformer, Action-Adventure, Action, FPS, Co-op, Physics, Sci-fi, Level Editor, Science, Comedy, Atmospheric, Adventure"
227940,Heroes & Generals,2.084,0,"Action, Free To Play, Indie, Massively Multiplayer, Strategy","Free to Play, World War II, FPS, Multiplayer, War, Shooter, Action, First-Person, Massively Multiplayer, Strategy, Tactical, Co-op, Historical, Open World, Simulation, Atmospheric, Adventure, Indie, Early Access, RTS"
70,Half-Life,27.97,999,Action,"FPS, Classic, 1990's, Singleplayer, Multiplayer, Sci-fi, Shooter, Action, First-Person, Aliens, Story Rich, Silent Protagonist, Atmospheric, Gore, Retro, Moddable, Adventure, Action-Adventure, Difficult, PvP"
252950,Rocket League,6.945,0,"Action, Indie, Racing, Sports","Multiplayer, Football (Soccer), Competitive, Sports, Racing, Team-Based, Online Co-Op, Football (American), Fast-Paced, Co-op, Action, Funny, Great Soundtrack, Local Multiplayer, Split Screen, Local Co-Op, Singleplayer, 4 Player Local, Casual, Indie"
1966720,Lethal Company,35.213,999,"Action, Adventure, Indie, Early Access","Online Co-Op, Horror, First-Person, Co-op, Survival Horror, Exploration, Funny, Psychological Horror, Sci-fi, PvE, Atmospheric, Procedural Generation, Aliens, Time Management, Adventure, Dungeon Crawler, Action, Early Access, Action-Adventure, Perma Death"
1517290,Battlefield 2042,0.874,5999,"Action, Adventure, Casual","FPS, Multiplayer, Shooter, Military, War, Singleplayer, Action, First-Person, Combat, Team-Based, PvP, Futuristic, Vehicular Combat, Modern, Destruction, Physics, Cinematic, Adventure, Hero Shooter, Casual"
1240440,Halo Infinite,2.313,0,"Action, Free To Play","Free to Play, FPS, Multiplayer, Singleplayer, Shooter, Action, First-Person, Open World, Sci-fi, Co-op, PvP, Competitive, Story Rich, Space, Adventure, Aliens, Lore-Rich, Cinematic, Atmospheric, Soundtrack"
582010,Monster Hunter: World,7.313,2999,Action,"Co-op, Multiplayer, Action, Open World, RPG, Character Customization, Third Person, Adventure, Fantasy, Action RPG, Difficult, Singleplayer, Exploration, Great Soundtrack, Replay Value, Atmospheric, Hack and Slash, JRPG, MMORPG, Souls-like"
240,Counter-Strike: Source,25.815,999,Action,"Shooter, FPS, Action, Multiplayer, Team-Based, First-Person, Competitive, Tactical, PvP, e-sports, Military, War, Strategy, Moddable, Singleplayer, Difficult, Atmospheric, Survival, Simulation, Sandbox"
108600,Project Zomboid,16.169,1999,"Indie, RPG, Simulation, Early Access","Survival, Zombies, Open World, Multiplayer, Open World Survival Craft, Sandbox, Post-apocalyptic, Co-op, Crafting, Building, Indie, Simulation, RPG, Survival Horror, Realistic, Isometric, Singleplayer, 2D, Adventure, Early Access"
386360,SMITE,3.716,0,"Action, Adventure, Casual, Massively Multiplayer, RPG, Strategy, Free To Play","Free to Play, MOBA, Multiplayer, Action, Third Person, Mythology, Strategy, MMORPG, Team-Based, Nostalgia, Competitive, Anime, PvP, Co-op, e-sports, Massively Multiplayer, RPG, Adventure, Casual, Strategy RPG"
10,Counter-Strike,37.95,999,Action,"Action, FPS, Multiplayer, Shooter, Classic, Team-Based, First-Person, Competitive, Tactical, 1990's, e-sports, PvP, Old School, Military, Strategy, Survival, Score Attack, 1980s, Assassin, Nostalgia"
648800,Raft,14.014,1999,"Adventure, Indie, Simulation","Survival, Multiplayer, Open World Survival Craft, Co-op, Crafting, Open World, Building, Base-Building, Online Co-Op, Adventure, Sandbox, First-Person, Singleplayer, Underwater, Simulation, Early Access, Action, Indie, Strategy, Massively Multiplayer"
1468810,鬼谷八荒 Tale of Immortal,1.136,1999,"Action, Adventure, Indie, RPG, Simulation","Management, Singleplayer, Simulation, Mythology, Sandbox, Tactical RPG, RPG, Choose Your Own Adventure, Dating Sim, Action, Adventure, Exploration, Story Rich, 2D, Hack and Slash, Action RPG, Procedural Generation, Hand-drawn, Action-Adventure, Strategy RPG"
444200,World of Tanks Blitz,3.687,0,"Action, Massively Multiplayer, Simulation, Strategy, Free To Play","Tanks, Free to Play, Shooter, Action, FPS, Strategy, Multiplayer, Massively Multiplayer, PvP, Real Time Tactics, World War II, Team-Based, War, Online Co-Op, Competitive, Military, Singleplayer, Realistic, 3D Platformer, Vehicular Combat"
755790,Ring of Elysium,2.913,0,"Action, Free To Play, Massively Multiplayer","Free to Play, Battle Royale, Shooter, Multiplayer, Survival, FPS, Action, Massively Multiplayer, Third-Person Shooter, Early Access, Singleplayer, Open World, PvP, Co-op, Tactical, 3D, Violent, Gore, MOBA, First-Person"
1174180,Red Dead Redemption 2,11.709,1499,"Action, Adventure","Open World, Story Rich, Western, Adventure, Multiplayer, Action, Realistic, Singleplayer, Shooter, Atmospheric, Horses, Beautiful, Mature, Third-Person Shooter, Great Soundtrack, Third Person, Gore, Sandbox, First-Person, FPS"
250900,The Binding of Isaac: Rebirth,36.738,1499,Action,"Action Roguelike, Rogue-like, Indie, Replay Value, Difficult, Pixel Graphics, Dungeon Crawler, Great Soundtrack, Singleplayer, Dark, 2D, Local Co-Op, Remake, Gore, Procedural Generation, Rogue-lite, Atmospheric, Co-op, Action, Horror"
550650,Black Squad,3.158,0,"Action, Free To Play","Free to Play, FPS, Shooter, Multiplayer, Action, Early Access, First-Person, Military, Singleplayer, PvP, Co-op, War, Tactical, Massively Multiplayer, Team-Based, Violent, Open World, Strategy, Gore, Adventure"
367520,Hollow Knight,32.769,1499,"Action, Adventure, Indie","Metroidvania, Souls-like, Platformer, Great Soundtrack, 2D, Difficult, Indie, Singleplayer, Atmospheric, Exploration, Adventure, Story Rich, Hand-drawn, Multiple Endings, Action, Dark Fantasy, Open World, Cute, Controller, Side Scroller"
301520,Robocraft,2.708,0,"Action, Indie, Massively Multiplayer, RPG, Simulation, Free To Play","Free to Play, Robots, Building, Multiplayer, Action, Shooter, PvP, Massively Multiplayer, Sandbox, Crafting, Third-Person Shooter, Sci-fi, Strategy, Simulation, Early Access, Indie, Open World, Funny, Adventure, RPG"
239140,Dying Light,19.853,1999,"Action, RPG","Zombies, Survival Horror, Horror, Online Co-Op, Open World, Parkour, First-Person, Survival, Open World Survival Craft, Gore, FPS, Action, PvE, Stealth, PvP, Multiplayer, Post-apocalyptic, Story Rich, Action RPG, Hack and Slash"
477160,Human Fall Flat,17.804,1999,"Adventure, Casual, Indie, Simulation","Co-op, Funny, Puzzle, Adventure, Physics, Sandbox, Multiplayer, Puzzle-Platformer, Action, Open World, Local Co-Op, Indie, Local Multiplayer, Comedy, Parkour, Casual, Split Screen, 3D Platformer, Singleplayer, Simulation"
251570,7 Days to Die,7.778,4499,"Action, Adventure, Indie, RPG, Simulation, Strategy","Survival, Zombies, Multiplayer, Open World, Open World Survival Craft, Base-Building, Voxel, Post-apocalyptic, Online Co-Op, Building, Exploration, Sandbox, FPS, Simulation, Character Customization, Tower Defense, Action, Strategy, Horror, Procedural Generation"
814380,Sekiro: Shadows Die Twice - GOTY Edition,20.197,5999,"Action, Adventure","Souls-like, Difficult, Action, Singleplayer, Ninja, Stealth, Adventure, Third Person, Open World, Story Rich, Violent, Atmospheric, Assassin, Dark Fantasy, Hack and Slash, RPG, Gore, Great Soundtrack, Rhythm, Dark"
1222670,The Sims 4,6.88,0,"Adventure, Casual, Simulation, Free To Play","Life Sim, Character Customization, Free to Play, Building, Romance, Simulation, Sandbox, Singleplayer, Dating Sim, Relaxing, Casual, Realistic, Funny, Family Friendly, Fantasy, Cute, Immersive Sim, Adventure, Cartoony, Nudity"
417910,Street Warriors Online,1.352,199,"Action, Massively Multiplayer, Simulation, Sports","Fighting, Action, Multiplayer, Sports, Violent, Massively Multiplayer, Simulation, Open World, Free to Play, PvP, Early Access, Co-op, Indie, Funny, Character Customization, Singleplayer"
433850,Z1 Battle Royale,1.259,0,"Action, Adventure, Free To Play, Massively Multiplayer","Survival, Massively Multiplayer, Multiplayer, Open World, Battle Royale, PvP, FPS, Action, Shooter, Free to Play, Third-Person Shooter, Zombies, Co-op, Early Access, Online Co-Op, Adventure, First-Person, Violent, Gore, Walking Simulator"
594650,Hunt: Showdown 1896,2.716,2999,Action,"Open World, Extraction Shooter, Multiplayer, Atmospheric, Tactical, FPS, Perma Death, Western, Shooter, PvP, Horror, Online Co-Op, Survival Horror, Co-op, Difficult, Battle Royale, Team-Based, Action, Gore, Zombies"
220,Half-Life 2,40.699,999,Action,"FPS, Action, Sci-fi, Classic, Singleplayer, Story Rich, Shooter, First-Person, Adventure, Dystopian , Atmospheric, Zombies, Silent Protagonist, Physics, Aliens, Great Soundtrack, Horror, Multiplayer, Puzzle, Moddable"
230410,Warframe,6.763,0,"Action, RPG, Free To Play","Free to Play, Action RPG, Looter Shooter, Third-Person Shooter, Action, RPG, Third Person, Character Customization, Massively Multiplayer, Online Co-Op, Co-op, PvE, Singleplayer, Sci-fi, Space, Lore-Rich, Shooter, Hack and Slash, Parkour, Ninja"
219990,Grim Dawn,14.988,2499,"Action, Adventure, Indie, RPG","Action RPG, Hack and Slash, Loot, Isometric, Dark Fantasy, RPG, Dungeon Crawler, Singleplayer, Co-op, Character Customization, Dark, Multiplayer, Adventure, Fantasy, Action, Atmospheric, Post-apocalyptic, Crafting, Moddable, Choices Matter"
261550,Mount & Blade II: Bannerlord,7.22,4999,"Action, Indie, RPG, Simulation, Strategy","Medieval, Strategy, Open World, RPG, War, Sandbox, Multiplayer, Singleplayer, Action, Character Customization, Simulation, Moddable, Adventure, Horses, Realistic, Third Person, Historical, First-Person, Great Soundtrack, Early Access"
8930,Sid Meier's Civilization V,22.915,2999,Strategy,"Turn-Based Strategy, Strategy, Turn-Based, Multiplayer, Historical, 4X, Addictive, Singleplayer, Hex Grid, Grand Strategy, Replay Value, Co-op, Economy, Tactical, Diplomacy, Moddable, Simulation, Classic, Great Soundtrack, Touch-Friendly"
304050,Trove,4.069,0,"Action, Adventure, Casual, Massively Multiplayer, RPG, Free To Play","Free to Play, Open World, Sandbox, Pixel Graphics, Fantasy, MMORPG, Voxel, Replay Value, Family Friendly, Crafting, Procedural Generation, Multiplayer, RPG, Building, Adventure, Dungeon Crawler, Massively Multiplayer, Nostalgia, Action, Colorful"
107410,Arma 3,9.443,2999,"Action, Simulation, Strategy","Military, Action, Multiplayer, Shooter, Simulation, Realistic, First-Person, Open World, Tactical, FPS, War, Co-op, Strategy, Sandbox, Singleplayer, Moddable, Combat, Online Co-Op, Team-Based, Third-Person Shooter"
377160,Fallout 4,4.898,1999,RPG,"Open World, Post-apocalyptic, Singleplayer, Exploration, RPG, Adventure, Atmospheric, Shooter, First-Person, Story Rich, Action, Sci-fi, FPS, Action RPG, Sandbox, Great Soundtrack, Survival, Third Person, Third-Person Shooter, Character Customization"
532210,Life is Strange 2,6.249,3196,Adventure,"Choices Matter, Story Rich, Adventure, Singleplayer, Great Soundtrack, Atmospheric, Episodic, Drama, Sexual Content, Choose Your Own Adventure, LGBTQ+, Point & Click, Third Person, Walking Simulator, Mystery, Nudity, Puzzle, Comedy, Funny, Classic"
255710,Cities: Skylines,13.209,2999,"Simulation, Strategy","City Builder, Simulation, Building, Management, Strategy, Sandbox, Singleplayer, Moddable, Economy, Resource Management, Mod, Realistic, Replay Value, Casual, Modern, Real-Time with Pause, Family Friendly, Great Soundtrack, Funny, Action"
1326470,Sons Of The Forest,7.104,1199,"Action, Adventure, Indie, Simulation","Survival, Open World, Multiplayer, Co-op, Survival Horror, Base-Building, Horror, Crafting, First-Person, Building, Exploration, Adventure, Singleplayer, Atmospheric, Sandbox, Action-Adventure, Action, Simulation, Immersive Sim, Early Access"
289070,Sid Meier’s Civilization VI,6.6,599,Strategy,"Strategy, Turn-Based Strategy, Multiplayer, Historical, Grand Strategy, Singleplayer, Turn-Based, 4X, War, City Builder, Simulation, Tactical, Management, Building, Great Soundtrack, Online Co-Op, Moddable, Co-op, Hex Grid, Atmospheric"
526870,Satisfactory,33.72,3999,"Adventure, Indie, Simulation, Strategy","Base-Building, Automation, Open World, Multiplayer, Crafting, Co-op, Resource Management, Building, Sandbox, Exploration, Adventure, Open World Survival Craft, Survival, Simulation, First-Person, Strategy, Sci-fi, Singleplayer, Early Access, Indie"
1238810,Battlefield V,2.436,4999,Action,"FPS, Multiplayer, Singleplayer, World War II, Shooter, War, Military, First-Person, Massively Multiplayer, PvP, Combat, Open World, Action, Historical, Destruction, Battle Royale, Atmospheric, Violent, Sexual Content, Female Protagonist"
60,Ricochet,4.78,499,Action,"Action, FPS, Multiplayer, Classic, First-Person, Sci-fi, Shooter, Space, Cyberpunk, 3D, Psychological Horror, Retro, Memes, Platformer, Old School, Conspiracy, Cult Classic, Competitive, Sports, Great Soundtrack"
221100,DayZ,3.272,4999,"Action, Adventure, Massively Multiplayer","Survival, Open World, Online Co-Op, Zombies, Multiplayer, Post-apocalyptic, Shooter, PvP, Massively Multiplayer, Action, FPS, Horror, Sandbox, Co-op, Adventure, Survival Horror, First-Person, Simulation, Atmospheric, Choose Your Own Adventure"
1089350,NBA 2K20,0.995,0,"Simulation, Sports","Basketball, Sports, Simulation, Multiplayer, Singleplayer, Capitalism, Casual, Loot, Local Multiplayer, Massively Multiplayer, Character Customization, Controller, Realistic"
204360,Castle Crashers,24.858,1499,"Action, Adventure, Casual, Indie, RPG","2D, Online Co-Op, Co-op, Beat 'em up, Hack and Slash, Funny, Adventure, 4 Player Local, Local Co-Op, Multiplayer, Local Multiplayer, Action, Singleplayer, Medieval, Cartoony, Cute, Comedy, RPG, Arcade, Casual"
632360,Risk of Rain 2,14.289,824,"Action, Indie","Third-Person Shooter, Action Roguelike, Multiplayer, Co-op, Action, Rogue-lite, Rogue-like, Looter Shooter, Loot, Online Co-Op, Shooter, Difficult, Great Soundtrack, Third Person, Indie, Survival, Singleplayer, Soundtrack, Early Access, Bullet Hell"
96000,The Tiny Bang Story,6.867,99,"Adventure, Casual, Indie","Puzzle, Point & Click, Hand-drawn, Steampunk, Retro, Atmospheric, 2D, Story Rich, Casual, Family Friendly, Cute, Surreal, Stylized, Adventure, Hidden Object, Singleplayer, Indie, Minigames, Logic, Relaxing"
275850,No Man's Sky,4.879,2399,"Action, Adventure","Open World, Open World Survival Craft, Space, Exploration, Sci-fi, Survival, Procedural Generation, Adventure, First-Person, Multiplayer, Sandbox, Singleplayer, Atmospheric, Crafting, Space Sim, Indie, Action, Simulation, FPS, VR"
1811260,EA SPORTS FIFA 23,1.32,0,"Simulation, Sports","Football (Soccer), Sports, Controller, e-sports, PvP, Management, Simulation, Team-Based, Realistic, Third Person, Immersive Sim, Multiplayer, Local Multiplayer, Local Co-Op, Co-op, Singleplayer, Online Co-Op, PvE, Free to Play, LGBTQ+"
322170,Geometry Dash,14.188,499,"Action, Indie","Difficult, Music, Level Editor, Great Soundtrack, Precision Platformer, 2D, Rhythm, Singleplayer, Colorful, Platformer, Character Customization, Indie, Arcade, Side Scroller, Family Friendly, Action, Funny, Casual, Strategy, Adventure"
1046930,Dota Underlords,4.634,0,"Casual, Free To Play, Strategy","Free to Play, Strategy, Auto Battler, Casual, Multiplayer, Tactical, Chess, Turn-Based Tactics, Turn-Based, Mature, Competitive, Fantasy, Board Game, Card Game, Deckbuilding, Singleplayer, PvP, Co-op, Automation, MOBA"
49520,Borderlands 2,15.412,499,"Action, RPG","Loot, Shooter, Action, Multiplayer, Co-op, Looter Shooter, FPS, RPG, First-Person, Funny, Comedy, Open World, Combat, Online Co-Op, Adventure, Action RPG, Dark Humor, Singleplayer, Memes, Sci-fi"
224260,No More Room in Hell,8.894,0,"Action, Indie, Free To Play","Free to Play, Zombies, Multiplayer, Survival, Horror, Co-op, Online Co-Op, Action, FPS, First-Person, Survival Horror, Shooter, Post-apocalyptic, Open World, Realistic, Indie, Atmospheric, Mod, Adventure, Massively Multiplayer"
489520,Minion Masters,8.566,0,"Action, Adventure, Indie, RPG, Strategy, Free To Play","PvE, Trading Card Game, Stylized, Turn-Based Tactics, Free to Play, Multiplayer, Card Battler, Tactical RPG, PvP, Strategy, Deckbuilding, Card Game, Real Time Tactics, Online Co-Op, Colorful, Fantasy, RTS, Co-op, Tower Defense, Singleplayer"
80,Counter-Strike: Condition Zero,10.564,999,Action,"Action, FPS, Shooter, Multiplayer, First-Person, Singleplayer, Classic, Tactical, Team-Based, Competitive, Military, Online Co-Op, Strategy, Adventure, Survival, Atmospheric, Old School, Open World, Dark, Violent"
394360,Hearts of Iron IV,8.313,4999,"Simulation, Strategy","Strategy, World War II, Grand Strategy, War, Historical, Military, Alternate History, Multiplayer, Simulation, Tactical, Singleplayer, Real-Time with Pause, RTS, Diplomacy, Sandbox, Co-op, Strategy RPG, Competitive, Open World, Action"
466240,Deceit,3.797,0,"Action, Indie, Free To Play","PvP, Multiplayer, Horror, Social Deduction, Free to Play, Choices Matter, Shooter, FPS, First-Person, Psychological Horror, Strategy, Funny, Co-op, Action, Zombies, Psychological, Mystery, Survival, Survival Horror, Atmospheric"
489830,The Elder Scrolls V: Skyrim Special Edition,11.402,3999,RPG,"Open World, RPG, Adventure, Singleplayer, Fantasy, Character Customization, Moddable, Dragons, Story Rich, Magic, First-Person, Action, Atmospheric, Great Soundtrack, Third Person, Stealth, Classic, Remake, Female Protagonist, Walking Simulator"
370910,Kathy Rain,11.572,999,"Adventure, Indie","Point & Click, Adventure, Pixel Graphics, Female Protagonist, Mystery, Detective, Indie, Singleplayer, Story Rich, Psychological Horror, Puzzle, Noir, Retro, Hand-drawn, Third Person, Supernatural, RPG, Atmospheric, Choices Matter, Exploration"
278360,A Story About My Uncle,10.916,1499,"Adventure, Casual, Indie","Adventure, First-Person, Parkour, Singleplayer, Indie, Atmospheric, Platformer, Story Rich, 3D Platformer, Puzzle, Fantasy, Casual, Short, Sci-fi, Relaxing, Narration, Action, Family Friendly, Great Soundtrack, Difficult"
300,Day of Defeat: Source,11.001,999,Action,"FPS, World War II, Multiplayer, Action, Shooter, Military, War, Team-Based, First-Person, Historical, Class-Based, Classic, Tactical, Realistic, Online Co-Op, Gore, Strategy, Massively Multiplayer, Simulation, Violent"
275390,Guacamelee! Super Turbo Championship Edition,12.437,374,"Action, Adventure, Indie","Platformer, 2D, Metroidvania, Beat 'em up, Action, Colorful, Cartoony, Indie, Local Co-Op, Adventure, Funny, Difficult, Action-Adventure, Co-op, Singleplayer, 4 Player Local, Wrestling, Action RPG, 2D Platformer, Side Scroller"
374320,DARK SOULS III,16.602,5999,Action,"Souls-like, Dark Fantasy, Difficult, RPG, Atmospheric, Lore-Rich, Third Person, Exploration, Story Rich, Action RPG, Co-op, Great Soundtrack, Adventure, Action, Multiplayer, PvP, Open World, Singleplayer, Character Customization, Replay Value"
284160,BeamNG.drive,37.755,2499,"Racing, Simulation, Early Access","Simulation, Driving, Physics, Realistic, Destruction, Automobile Sim, Open World, Sandbox, Racing, Moddable, Multiplayer, Singleplayer, Early Access, First-Person, Third Person, Exploration, Funny, Action, Adventure, Flight"
700330,SCP: Secret Laboratory,10.73,0,"Action, Free To Play","Free to Play, Multiplayer, Horror, First-Person, Co-op, Survival Horror, Shooter, Online Co-Op, FPS, Action, Survival, Memes, Sci-fi, Psychological Horror, Atmospheric, Strategy, Difficult, Indie, Adventure, Fantasy"
311210,Call of Duty: Black Ops III,5.335,5999,"Action, Adventure","Multiplayer, Zombies, FPS, Shooter, Action, First-Person, Singleplayer, Co-op, Futuristic, Illuminati, Hero Shooter, Robots, Sci-fi, Gore, Great Soundtrack, Story Rich, Atmospheric, Parkour, Quick-Time Events, Simulation"
1172620,Sea of Thieves: 2025 Edition,8.38,3999,"Action, Adventure","Multiplayer, Open World, Adventure, Pirates, Co-op, Online Co-Op, Action, PvP, Sailing, First-Person, Exploration, Naval, PvE, Funny, Massively Multiplayer, FPS, Atmospheric, Singleplayer, Swordplay, Great Soundtrack"
1407200,World of Tanks,5.289,0,"Action, Massively Multiplayer, Simulation, Free To Play","Tanks, Free to Play, Action, Military, PvP, Vehicular Combat, Multiplayer, Team-Based, Tactical, Massively Multiplayer, War, Historical, World War II, Simulation, Co-op, Realistic, Shooter, Third Person, Third-Person Shooter, PvE"
2050650,Resident Evil 4,42.316,3999,"Action, Adventure","Horror, Action, Survival Horror, Third-Person Shooter, Singleplayer, Zombies, Story Rich, Survival, Cinematic, Dark, Remake, Realistic, Gore, Resource Management, Third Person, Adventure, VR, Violent, Action-Adventure, Psychological Horror"
976730,Halo: The Master Chief Collection,12.177,3999,Action,"Great Soundtrack, FPS, Classic, Multiplayer, Story Rich, Sci-fi, Co-op, First-Person, Epic, Shooter, Action, Singleplayer, Aliens, Lore-Rich, Beautiful, Space, Atmospheric, Adventure, Horror, Online Co-Op"
203160,Tomb Raider,24.626,1499,"Action, Adventure","Adventure, Action, Female Protagonist, Third Person, Singleplayer, Story Rich, Third-Person Shooter, Multiplayer, Exploration, Action-Adventure, Quick-Time Events, Atmospheric, Puzzle, Shooter, Stealth, Cinematic, Platformer, RPG, Reboot, 3D Vision"
72850,The Elder Scrolls V: Skyrim,18.433,1999,RPG,"Open World, RPG, Fantasy, Adventure, Moddable, Dragons, First-Person, Action, Medieval, Singleplayer, Magic, Story Rich, Great Soundtrack, Sandbox, Lore-Rich, Atmospheric, Character Customization, Action RPG, Third Person, Epic"
10180,Call of Duty: Modern Warfare 2 (2009),13.61,1999,Action,"Action, FPS, Multiplayer, Shooter, First-Person, Singleplayer, War, Military, Co-op, Online Co-Op, PvP, Great Soundtrack, Story Rich, Atmospheric, Controller, Adventure, Tactical, Linear, Strategy, Moddable"
883710,Resident Evil 2,32.132,3999,Action,"Zombies, Survival Horror, Horror, Singleplayer, Remake, Third Person, Gore, Action, Puzzle, Atmospheric, Violent, Story Rich, Multiplayer, Survival, Classic, Female Protagonist, Dark, Shooter, Adventure, Difficult"
588430,Fallout Shelter,7.67,0,"RPG, Simulation, Free To Play","Free to Play, Base-Building, Survival, Post-apocalyptic, Singleplayer, Management, Simulation, Strategy, 2D, Building, Casual, Crafting, Adventure, Sandbox, Multiplayer, RPG, Funny, Atmospheric, Action, Great Soundtrack"
218230,PlanetSide 2,4.273,0,"Action, Massively Multiplayer, Free To Play","Free to Play, FPS, Massively Multiplayer, Shooter, Action, Open World, Multiplayer, Team-Based, Sci-fi, War, Tactical, First-Person, PvP, Futuristic, Online Co-Op, Co-op, Strategy, Space, Adventure, RPG"
333930,Dirty Bomb,4.344,0,"Action, Free To Play","Hero Shooter, Free to Play, FPS, Multiplayer, Shooter, Action, Team-Based, First-Person, Fast-Paced, Co-op, PvP, Class-Based, Competitive, Massively Multiplayer, Parkour, Post-apocalyptic, Controller, Singleplayer, Open World, Gore"
22380,Fallout: New Vegas,24.585,999,"Action, RPG","Open World, RPG, Post-apocalyptic, Singleplayer, Moddable, Story Rich, Exploration, First-Person, Action, Adventure, FPS, Sci-fi, Western, Atmospheric, Action RPG, Character Customization, Survival, Sandbox, Shooter, Third Person"
1426210,It Takes Two,19.889,3999,"Action, Adventure","Co-op, Multiplayer, Split Screen, Local Co-Op, Puzzle, Online Co-Op, Adventure, Story Rich, Co-op Campaign, Local Multiplayer, Puzzle-Platformer, 3D Platformer, Action-Adventure, Emotional, Platformer, Action, Exploration, Atmospheric, Minigames, Female Protagonist"
2881650,Content Warning,18.601,559,"Action, Adventure, Indie","Online Co-Op, Horror, Multiplayer, Funny, First-Person, Exploration, Co-op, Psychological Horror, Survival Horror, Atmospheric, 3D, Dungeon Crawler, Adventure, Supernatural, Time Management, Action-Adventure, Investigation, Sci-fi, Mystery, Procedural Generation"
1446780,MONSTER HUNTER RISE,4.544,3999,Action,"Action, Hunting, Online Co-Op, Character Customization, RPG, Multiplayer, Action RPG, Co-op, Singleplayer, Third Person, JRPG, PvE, Fantasy, Anime, Dragons, 3D, Nature, Atmospheric, Open World, Ninja"
387990,Scrap Mechanic,11.975,1999,"Action, Adventure, Indie, Simulation, Early Access","Building, Sandbox, Survival, Multiplayer, Open World, Physics, Crafting, Base-Building, Co-op, First-Person, Adventure, Singleplayer, Third Person, Funny, Simulation, Early Access, Action, Indie, Moddable, Online Co-Op"
582660,Black Desert,2.878,999,"Action, Adventure, Massively Multiplayer, RPG, Simulation, Strategy","MMORPG, Massively Multiplayer, Open World, Character Customization, RPG, Adventure, Fantasy, Action, Strategy, 3D, Multiplayer, Medieval, Crafting, Magic, Atmospheric, Simulation, PvP, Cooking, Combat, War"
2694490,Path of Exile 2,4.04,2999,"Action, Adventure, Massively Multiplayer, RPG, Early Access","Action RPG, Hack and Slash, RPG, Loot, Souls-like, Action, Dark Fantasy, MMORPG, Isometric, Dungeon Crawler, Adventure, Multiplayer, Online Co-Op, Crafting, Character Customization, Inventory Management, Free to Play, Horror, Early Access, Dark"
20,Team Fortress Classic,6.672,499,Action,"Action, FPS, Multiplayer, Classic, Hero Shooter, Shooter, Team-Based, Class-Based, First-Person, 1990's, Old School, Co-op, Competitive, Fast-Paced, Retro, Online Co-Op, Violent, Funny, Mod, Remake"
219640,Chivalry: Medieval Warfare,4.728,2499,"Action, Indie","Medieval, Multiplayer, Action, Gore, First-Person, Swordplay, Violent, PvP, Indie, Third Person, Competitive, Team-Based, Hack and Slash, Co-op, Historical, FPS, Class-Based, Atmospheric, Simulation, Difficult"
518790,theHunter: Call of the Wild,7.866,1999,"Adventure, Simulation, Sports","Hunting, Open World, Multiplayer, Nature, Relaxing, Stealth, FPS, Sandbox, Survival, Simulation, Realistic, Online Co-Op, First-Person, Co-op, America, Walking Simulator, Immersive Sim, Shooter, Sports, Controller"
30,Day of Defeat,9.34,499,Action,"FPS, World War II, Multiplayer, Shooter, Action, War, Team-Based, Classic, First-Person, Class-Based, Military, Historical, Tactical, Singleplayer, Co-op, Violent, Old School, Retro, Difficult, Strategy"
244210,Assetto Corsa,12.532,1999,"Indie, Racing, Simulation, Sports","Racing, Automobile Sim, Simulation, Driving, Multiplayer, VR, Realistic, Sports, Moddable, Open World, Controller, Singleplayer, Physics, First-Person, Replay Value, Indie, Action, 3D Vision, TrackIR, Artificial Intelligence"
1818750,MultiVersus,3.268,0,"Action, Free To Play","Multiplayer, 2D Fighter, Co-op, Free to Play, Action, Competitive, Beat 'em up, Cartoon, Fantasy, 2D Platformer, 2D, Colorful, Superhero, Memes, Funny, Comic Book, Hand-drawn, 1980s, 1990's, Character Customization"
1794680,Vampire Survivors,64.746,499,"Action, Casual, Indie, RPG","Action Roguelike, Bullet Hell, Pixel Graphics, Rogue-lite, 2D, Vampire, Indie, Singleplayer, Casual, Arcade, Action, Rogue-like, RPG, Controller, Retro, Score Attack, Dark Fantasy, Action RPG, Local Co-Op, 1980s"
306130,The Elder Scrolls Online,4.423,1999,"Action, Adventure, Massively Multiplayer, RPG","RPG, MMORPG, Open World, Fantasy, Adventure, Multiplayer, Exploration, Singleplayer, Massively Multiplayer, Action, Character Customization, PvP, PvE, Lore-Rich, Story Rich, Choose Your Own Adventure, Magic, Class-Based, Action RPG, Atmospheric"
363970,Clicker Heroes,8.732,0,"Adventure, Casual, Indie, RPG, Simulation, Strategy, Free To Play","Clicker, Idler, Casual, 2D, Management, Free to Play, Indie, Funny, Strategy, Multiplayer, RPG, Fantasy, Family Friendly, Adventure, Simulation, Touch-Friendly, Singleplayer, Action, Addictive, Illuminati"
225840,Sven Co-op,14.742,0,"Action, Casual, Indie, Free To Play","Co-op, FPS, Online Co-Op, Shooter, Shoot 'Em Up, Retro, 1990's, Team-Based, Casual, PvE, First-Person, Free to Play, 3D, Third Person, Action, Conversation, Puzzle, Survival, Moddable, Multiplayer"
844870,KurtzPel,1.558,0,"Action, Free To Play, Early Access","Anime, Free to Play, Character Customization, Multiplayer, Action, PvP, Fantasy, Fighting, Third Person, Massively Multiplayer, Co-op, Sexual Content, PvE, Online Co-Op, Early Access, Character Action Game, Hack and Slash, Competitive, Controller, Beat 'em up"
1293830,Forza Horizon 4,9.726,0,Racing,"Racing, Open World, Driving, Multiplayer, Automobile Sim, Realistic, Online Co-Op, Singleplayer, Controller, Simulation, PvP, Adventure, Exploration, Arcade, Atmospheric, Sports, Action, Great Soundtrack, First-Person, Funny"
236850,Europa Universalis IV,6.438,4999,"Simulation, Strategy","Grand Strategy, Strategy, Historical, Simulation, 4X, Alternate History, Military, Wargame, Diplomacy, Economy, Replay Value, Sandbox, Political, Real-Time with Pause, Moddable, Nonlinear, Co-op, Singleplayer, Management, Multiplayer"
253710,theHunter Classic,1.382,0,"Action, Adventure, Free To Play, Simulation, Sports","Free to Play, Hunting, Multiplayer, Open World, Simulation, Shooter, Co-op, First-Person, Survival, Realistic, Online Co-Op, Adventure, FPS, Singleplayer, Sports, Action, Stealth, Strategy, Massively Multiplayer, Casual"
12210,Grand Theft Auto IV: The Complete Edition,4.67,1999,"Action, Adventure","Open World, Action, Automobile Sim, Crime, Multiplayer, Third Person, Adventure, Singleplayer, Third-Person Shooter, Moddable, Sandbox, Shooter, Physics, Atmospheric, Classic, Funny, Dark Humor, Gore, Satire, Co-op"
273350,Evolve Stage 2,2.329,0,"Action, Free To Play","Action, Multiplayer, Co-op, FPS, Online Co-Op, Shooter, Team-Based, Survival, Sci-fi, Aliens, PvP, First-Person, Class-Based, Strategy, Atmospheric, Third Person, Tactical, Singleplayer, Stealth, Casual"
1145360,Hades,56.539,2499,"Action, Indie, RPG","Action Roguelike, Rogue-lite, Hack and Slash, Indie, Mythology, Action, Rogue-like, Singleplayer, Great Soundtrack, Story Rich, RPG, Dungeon Crawler, Replay Value, Isometric, Difficult, Action RPG, Hand-drawn, Atmospheric, Perma Death, Souls-like"
319630,Life is Strange - Episode 1,25.263,0,"Action, Adventure","Story Rich, Choices Matter, Great Soundtrack, Female Protagonist, Time Travel, Atmospheric, Episodic, Singleplayer, Adventure, Time Manipulation, Multiple Endings, Mystery, Third Person, Point & Click, Indie, Walking Simulator, Casual, Action, LGBTQ+, Memes"
365590,Tom Clancy’s The Division,2.377,2999,"Action, Adventure, RPG","Open World, Looter Shooter, Multiplayer, Third-Person Shooter, Action, Co-op, Shooter, RPG, Online Co-Op, Post-apocalyptic, Survival, Massively Multiplayer, Tactical, Third Person, Singleplayer, MMORPG, Adventure, Atmospheric, FPS, Stealth"
1229490,ULTRAKILL,43.446,2499,"Action, Indie, Early Access","Boomer Shooter, Fast-Paced, FPS, Blood, Character Action Game, Arena Shooter, Spectacle fighter, Retro, Singleplayer, Shooter, Difficult, Great Soundtrack, First-Person, Action, Score Attack, Colorful, Robots, Old School, Cyberpunk, Early Access"
365670,Blender,26.41,0,"Animation & Modeling, Design & Illustration, Video Production","Animation & Modeling, Software, Design & Illustration, Free to Play, Game Development, Video Production, 3D, Difficult, GameMaker, Utilities, Singleplayer, Physics, 3D Vision, 2D, Sandbox, Moddable, Building, Hentai, Story Rich, Sexual Content"
813820,Realm Royale,3.192,0,"Action, Free To Play, Early Access","Battle Royale, Free to Play, Multiplayer, Shooter, Survival, Early Access, PvP, Action, Third-Person Shooter, Third Person, FPS, Competitive, Team-Based, Fantasy, Massively Multiplayer, Open World, Co-op, Online Co-Op, Memes, Singleplayer"
2183900,"Warhammer 40,000: Space Marine 2",4.842,5999,"Action, Adventure, RPG","Warhammer 40K, Action, Third-Person Shooter, Multiplayer, Co-op, PvE, Adventure, Action-Adventure, Third Person, Sci-fi, Wargame, 3D, War, Fantasy, Space, Narration, Singleplayer, Realistic, Cinematic, Futuristic"
238460,BattleBlock Theater,34.886,1499,"Action, Adventure, Casual, Indie","Co-op, Platformer, Funny, Comedy, Level Editor, Multiplayer, Local Co-Op, 2D, Online Co-Op, Cats, 2D Platformer, Action, Side Scroller, Local Multiplayer, Casual, Singleplayer, Puzzle-Platformer, Indie, Puzzle, Narration"
308600,Gene Shift Auto,4.889,0,"Action, Casual, Indie, Free To Play, Early Access","Battle Royale, Rogue-lite, Free to Play, Top-Down Shooter, Multiplayer, Action, Shooter, Hero Shooter, Arena Shooter, PvP, Indie, Top-Down, 2D, Rogue-like, Action Roguelike, Online Co-Op, Early Access, Character Customization, Cyberpunk, PvE"
594570,Total War: WARHAMMER II,12.102,5999,"Action, Strategy","Strategy, Fantasy, Turn-Based Strategy, RTS, Grand Strategy, War, Multiplayer, Games Workshop, Action, Turn-Based, Singleplayer, Dark Fantasy, Co-op, Tactical, Real Time Tactics, Story Rich, Atmospheric, Dwarf, Dinosaurs, Great Soundtrack"
231430,Company of Heroes 2,3.755,1999,Strategy,"Strategy, World War II, RTS, Multiplayer, Tactical, War, Historical, Military, Singleplayer, Co-op, Online Co-Op, Base-Building, Tanks, Real-Time, Action, Real-Time with Pause, Atmospheric, Simulation, Great Soundtrack, Adventure"
211500,RaceRoom Racing Experience,3.045,0,"Racing, Simulation, Sports, Free To Play","Free to Play, Racing, Automobile Sim, Realistic, Multiplayer, Driving, Simulation, Competitive, Physics, PvP, Difficult, Sports, Controller, VR, Singleplayer, First-Person, Massively Multiplayer, e-sports, Co-op, Artificial Intelligence"
242050,Assassin’s Creed IV Black Flag,7.775,3999,"Action, Adventure","Pirates, Open World, Assassin, Adventure, Action, Stealth, Parkour, Third Person, Naval, Multiplayer, Historical, Story Rich, Singleplayer, Exploration, Action-Adventure, Naval Combat, Atmospheric, RPG, Mature, Action RPG"
427520,Factorio,32.236,3500,"Casual, Indie, Simulation, Strategy","Automation, Base-Building, Resource Management, Sandbox, Crafting, Strategy, Multiplayer, Survival, Management, Open World, Building, Co-op, 2D, Moddable, Singleplayer, Trains, Simulation, Pixel Graphics, City Builder, Indie"
601150,Devil May Cry 5,23.193,749,Action,"Action, Hack and Slash, Great Soundtrack, Character Action Game, Demons, Spectacle fighter, Third Person, Singleplayer, Sexual Content, Violent, Nudity, Story Rich, Stylized, Difficult, Classic, Gore, Multiplayer, Controller, Adventure, Anime"
12120,Grand Theft Auto: San Andreas,11.571,0,Action,"Open World, Action, Crime, Classic, Third Person, Automobile Sim, Singleplayer, Multiplayer, Shooter, Driving, Story Rich, Adventure, Sandbox, Mature, Great Soundtrack, Third-Person Shooter, Moddable, Atmospheric, Funny, Comedy"
1286830,STAR WARS: The Old Republic,8.618,0,"Massively Multiplayer, RPG, Free To Play","Free to Play, MMORPG, Multiplayer, Character Customization, Open World, RPG, Story Rich, Choices Matter, Massively Multiplayer, Sci-fi, Adventure, Space, Action, Third Person, PvP, Atmospheric, Action RPG, Party-Based RPG, Great Soundtrack, Controller"
268500,XCOM 2,5.525,299,Strategy,"Strategy, Turn-Based, Turn-Based Strategy, Tactical, Turn-Based Tactics, Aliens, Sci-fi, Character Customization, Singleplayer, Difficult, Multiplayer, RPG, Moddable, Perma Death, Futuristic, Action, Atmospheric, Great Soundtrack, Co-op, Base-Building"
500,Left 4 Dead,26.13,999,Action,"Zombies, Co-op, Multiplayer, FPS, Action, Horror, Shooter, Online Co-Op, Survival, Team-Based, First-Person, Post-apocalyptic, Singleplayer, Atmospheric, Adventure, Moddable, Tactical, Replay Value, Competitive, Female Protagonist"
8870,BioShock Infinite,15.22,749,Action,"FPS, Story Rich, Action, Singleplayer, Steampunk, Atmospheric, Shooter, First-Person, Beautiful, Alternate History, Adventure, Great Soundtrack, Dystopian , Sci-fi, Time Travel, Fantasy, Gore, Linear, RPG, Immersive"
629760,MORDHAU,4.086,2999,"Action, Indie","Medieval, Multiplayer, First-Person, Swordplay, Gore, PvP, Online Co-Op, Action, Fighting, PvE, Character Customization, Hack and Slash, Third Person, Team-Based, Realistic, Competitive, Historical, Indie, FPS, Survival"
588650,Dead Cells,33.398,2499,"Action, Adventure, Indie","Adventure, Action Roguelike, Metroidvania, Pixel Graphics, Rogue-like, 2D, Souls-like, Rogue-lite, Difficult, Replay Value, Hack and Slash, Platformer, Singleplayer, Roguevania, Action, Dark Fantasy, Atmospheric, Procedural Generation, Funny, Indie"
646570,Slay the Spire,44.784,2499,"Indie, Strategy","Roguelike Deckbuilder, Card Game, Card Battler, Rogue-like, Deckbuilding, Turn-Based, Strategy, Singleplayer, Rogue-lite, Replay Value, Indie, Difficult, Dungeon Crawler, RPG, Mouse only, 2D, Great Soundtrack, Procedural Generation, Fantasy, Casual"
233450,Prison Architect,8.192,2999,"Indie, Simulation, Strategy","Simulation, Building, Sandbox, Base-Building, Colony Sim, Strategy, Management, City Builder, 2D, Top-Down, Multiplayer, Resource Management, Economy, Singleplayer, Moddable, Capitalism, Funny, Replay Value, Indie, Casual"
109600,Neverwinter,3.473,0,"Action, Adventure, Massively Multiplayer, RPG, Free To Play","Free to Play, MMORPG, RPG, Massively Multiplayer, Adventure, Multiplayer, Fantasy, Action, Open World, Character Customization, Dungeons & Dragons, Co-op, Dragons, PvP, Action RPG, PvE, Third Person, Hack and Slash, Atmospheric, Zombies"
380,Half-Life 2: Episode One,22.658,1999,Action,"FPS, Action, Sci-fi, Singleplayer, Story Rich, First-Person, Shooter, Classic, Dystopian , Aliens, Zombies, Adventure, Episodic, Atmospheric, Silent Protagonist, Great Soundtrack, Short, Puzzle, Cinematic, Moddable"
677620,Splitgate: Arena Warfare,10.883,0,"Action, Free To Play, Indie","Free to Play, FPS, Multiplayer, Arena Shooter, Shooter, Action, Fast-Paced, First-Person, PvP, Competitive, Sci-fi, Indie, Team-Based, e-sports, Tactical, Strategy, Online Co-Op, Physics, Co-op, Violent"
1049590,Eternal Return: Black Survival,3.911,0,"Indie, Strategy, Free To Play","Free to Play, Anime, Multiplayer, MOBA, Survival, Sexual Content, PvP, Combat, Top-Down, Action, Crafting, 3D, Strategy, Tactical, Character Customization, MMORPG, Indie, e-sports, Point & Click, Real Time Tactics"
1118200,People Playground,69.845,999,"Action, Casual, Indie, Simulation","Sandbox, Gore, Physics, Blood, Moddable, Violent, 2D, Singleplayer, Destruction, Simulation, Funny, Building, Pixel Graphics, Psychological Horror, Indie, Action, Casual, Comedy, Horror, Choose Your Own Adventure"
268910,Cuphead,26.175,1999,"Action, Indie","Difficult, Cartoon, Co-op, Platformer, Great Soundtrack, Local Co-Op, 2D, Hand-drawn, Multiplayer, Indie, Retro, Cartoony, Bullet Hell, Action, Shoot 'Em Up, Singleplayer, Side Scroller, Colorful, Funny, Souls-like"
397900,Business Tour - Board Game with Online Multiplayer,1.548,0,"Adventure, Casual, Indie, Massively Multiplayer, Simulation, Strategy, Free To Play","Board Game, Free to Play, Multiplayer, Strategy, Casual, Massively Multiplayer, Indie, Co-op, Capitalism, Online Co-Op, Funny, Management, Family Friendly, Adventure, Singleplayer, Trading, Simulation, Tabletop, Psychological Horror, Comedy"
435150,Divinity: Original Sin 2 - Definitive Edition,23.006,4499,"Adventure, RPG, Strategy","Tactical RPG, RPG, Turn-Based Strategy, Story Rich, Fantasy, Character Customization, CRPG, Exploration, Party-Based RPG, Strategy RPG, PvP, Female Protagonist, Co-op Campaign, Local Co-Op, Choices Matter, Isometric, Romance, Strategy, Moddable, Funny"
698780,Doki Doki Literature Club!,27.265,0,"Casual, Free To Play, Indie","Psychological Horror, Visual Novel, Anime, Free to Play, Dating Sim, Horror, Cute, Dark, Story Rich, Romance, Singleplayer, Great Soundtrack, Gore, Violent, Indie, Sexual Content, First-Person, Memes, Casual, Adventure"
1237970,Titanfall 2,20.83,2999,Action,"FPS, Mechs, Multiplayer, Shooter, Singleplayer, Action, Parkour, Sci-fi, First-Person, Futuristic, PvP, Combat, Military, Fast-Paced, Team-Based, Time Travel, Hero Shooter, Violent, Co-op, Gore"
863550,HITMAN 2,10.091,0,Action,"Stealth, Assassin, Action, Singleplayer, Third Person, Multiplayer, Violent, Open World, Sandbox, Strategy, Puzzle, Gore, Shooter, Atmospheric, Third-Person Shooter, Co-op, Funny, Online Co-Op, Great Soundtrack, Nudity"
273110,Counter-Strike Nexon: Studio,1.981,0,"Action, Casual, Indie, Massively Multiplayer, Free To Play","Free to Play, FPS, Zombies, Sandbox, PvE, PvP, Multiplayer, Shooter, Horror, Action, Co-op, First-Person, Survival Horror, Online Co-Op, Gore, Funny, Mod, 3D, Dark, Singleplayer"
555570,Infestation: The New Z,1.164,0,"Action, Indie, Massively Multiplayer, RPG, Free To Play","Zombies, Free to Play, Survival, Multiplayer, Open World, Massively Multiplayer, FPS, Shooter, Action, PvP, Co-op, Survival Horror, RPG, Adventure, Violent, Horror, Third-Person Shooter, PvE, Indie, Walking Simulator"
868270,The Cycle,1.739,0,"Action, Free To Play, Massively Multiplayer","Extraction Shooter, Survival, Loot, Free to Play, Multiplayer, Crafting, Looter Shooter, Shooter, Tactical, PvP, First-Person, FPS, Exploration, PvE, Sci-fi, Aliens, Online Co-Op, Competitive, Adventure, Battle Royale"
1593500,God of War,24.173,4999,"Action, Adventure, RPG","Action, Singleplayer, Story Rich, Adventure, Mythology, Combat, Third Person, RPG, Hack and Slash, Violent, Open World, Fantasy, Exploration, Atmospheric, Gore, Action RPG, Souls-like, Emotional, 3D, PvE"
782330,DOOM Eternal,10.284,3999,Action,"FPS, Action, Gore, Great Soundtrack, Fast-Paced, Violent, Demons, Shooter, First-Person, Singleplayer, Blood, Multiplayer, Sci-fi, Post-apocalyptic, Mature, Atmospheric, Story Rich, Difficult, Adventure, Horror"
360,Half-Life Deathmatch: Source,2.949,999,Action,"Action, FPS, Multiplayer, Shooter, Sci-fi, First-Person, Classic, Remake, Violent, Adventure, Competitive, Fast-Paced, Singleplayer, Atmospheric, Horror, Gore, Great Soundtrack, Retro, Arena Shooter"
2195250,EA SPORTS FC 24,1.361,6999,"Simulation, Sports","Football (Soccer), Sports, Controller, Multiplayer, PvP, e-sports, Competitive, PvE, Local Multiplayer, 3D, Simulation, Online Co-Op, Singleplayer, Local Co-Op, Realistic, Co-op, Family Friendly, Action, First-Person, Early Access"
391540,Undertale,29.452,999,"Indie, RPG","Great Soundtrack, Story Rich, Choices Matter, Multiple Endings, Pixel Graphics, Funny, RPG, Singleplayer, Indie, Comedy, 2D, Replay Value, Bullet Hell, Cute, Memes, Retro, Dark, Psychological Horror, Dating Sim, Horror"
294100,RimWorld,48.331,2799,"Indie, Simulation, Strategy","Colony Sim, Base-Building, Survival, Strategy, Sandbox, Management, Building, Simulation, Singleplayer, Moddable, City Builder, Open World, Procedural Generation, 2D, Sci-fi, Indie, Space, Tactical RPG, Cartoony, Western"
548430,Deep Rock Galactic,35.521,2999,Action,"Dwarf, Co-op, PvE, FPS, Procedural Generation, Class-Based, Shooter, Exploration, First-Person, Loot, Sci-fi, Space, Action, Atmospheric, Looter Shooter, Combat, Survival, Horror, Dark, Action Roguelike"
223470,POSTAL 2,30.629,999,"Action, Adventure, Indie","Violent, Dark Humor, Open World, Mature, First-Person, Funny, Comedy, Sandbox, Moddable, Third Person, Gore, FPS, Action, Dark Comedy, Multiplayer, Singleplayer, Shooter, Classic, Adventure, Satire"
766570,Russian Fishing 4,1.126,0,"Adventure, Casual, Massively Multiplayer, RPG, Simulation, Sports, Free To Play","Fishing, Free to Play, Multiplayer, Simulation, Nature, Realistic, Relaxing, Crafting, First-Person, Immersive Sim, Sports, Atmospheric, Singleplayer, Open World, Survival, Massively Multiplayer, Casual, Adventure, RPG, Family Friendly"
241930,Middle-earth: Shadow of Mordor,12.184,1999,,"Open World, Action, Fantasy, Adventure, Third Person, Stealth, Singleplayer, RPG, Action RPG, Assassin, Hack and Slash, Gore, Parkour, Story Rich, Atmospheric, Dark Fantasy, Magic, Lore-Rich, Based On A Novel, Sandbox"
1332010,Stray,35.588,2999,"Adventure, Indie","Cats, Adventure, Atmospheric, Cyberpunk, Singleplayer, Cute, Exploration, Robots, Beautiful, Puzzle, Third Person, Horror, Sci-fi, Indie, Dystopian , Open World, Mystery, Action, Colorful, Stealth"
1551360,Forza Horizon 5,7.785,5999,"Action, Adventure, Racing, Simulation, Sports","Racing, Open World, Driving, Multiplayer, Automobile Sim, Realistic, Simulation, Adventure, Arcade, Exploration, First-Person, Co-op, Sports, Online Co-Op, PvP, Atmospheric, Singleplayer, Beautiful, VR, Action"
